Week,Matchup,Predicted Away Team Score,Predicted Home Team Score,Actual Away Team Score,Actual Home Team Score,Total Point Differential,Total Point Spread,Spread+Differential Average,Analyst,Win Score
11,SF @ ARI,24,20,41,22,19,15,17.00,AI MODEL V1,1
11,CHI @ MIN,27,28,19,17,19,3,11.00,AI MODEL V1,0
11,WSH @ MIA,26,23,13,16,20,6,13.00,AI MODEL V1,0
11,CIN @ PIT,31,38,12,34,23,15,19.00,AI MODEL V1,1
11,LAC @ JAX,40,33,6,35,32,36,34.00,AI MODEL V1,0
11,TB @ BUF,24,31,32,44,21,5,13.00,AI MODEL V1,1
11,HOU @ TEN,16,6,16,13,7,7,7.00,AI MODEL V1,1
11,CAR @ ATL,20,17,30,27,20,0,10.00,AI MODEL V1,1
11,GB @ NYG ,37,35,27,20,25,5,15.00,AI MODEL V1,1
11,SEA @ LAR,22,27,19,21,9,3,6.00,AI MODEL V1,1
11,KC @ DEN,31,27,19,22,17,7,12.00,AI MODEL V1,0
11,DET @ PHI,38,24,9,16,37,21,29.00,AI MODEL V1,0
11,DAL @ LV,23,19,33,16,7,13,10.00,AI MODEL V1,1
11,BAL @ CLE,30,17,23,16,8,6,7.00,AI MODEL V1,1
11,SF @ ARI,23,20,41,22,20,16,18.00,Maldonado ESPN,1
11,CHI @ MIN,14,24,19,17,2,12,7.00,Maldonado ESPN,0
11,WSH @ MIA,12,20,13,16,3,5,4.00,Maldonado ESPN,1
11,CIN @ PIT,28,34,12,34,16,16,16.00,Maldonado ESPN,1
11,LAC @ JAX,29,16,6,35,4,42,23.00,Maldonado ESPN,0
11,TB @ BUF,20,27,32,44,29,5,17.00,Maldonado ESPN,1
11,HOU @ TEN,23,16,16,13,10,4,7.00,Maldonado ESPN,1
11,CAR @ ATL,21,28,30,27,8,10,9.00,Maldonado ESPN,0
11,GB @ NYG ,24,10,27,20,13,7,10.00,Maldonado ESPN,1
11,SEA @ LAR,28,23,19,21,11,7,9.00,Maldonado ESPN,0
11,KC @ DEN,27,22,19,22,8,8,8.00,Maldonado ESPN,0
11,DET @ PHI,20,21,9,16,16,6,11.00,Maldonado ESPN,1
11,DAL @ LV,26,23,33,16,0,14,7.00,Maldonado ESPN,1
11,BAL @ CLE,24,9,23,16,6,8,7.00,Maldonado ESPN,1
11,SF @ ARI,31,20,41,22,12,8,10.00,Moody ESPN,1
11,CHI @ MIN,24,26,19,17,14,4,9.00,Moody ESPN,0
11,WSH @ MIA,20,32,13,16,23,9,16.00,Moody ESPN,1
11,CIN @ PIT,27,21,12,34,2,28,15.00,Moody ESPN,0
11,LAC @ JAX,20,16,6,35,5,33,19.00,Moody ESPN,0
11,TB @ BUF,24,27,32,44,25,9,17.00,Moody ESPN,1
11,HOU @ TEN,30,13,16,13,14,14,14.00,Moody ESPN,1
11,CAR @ ATL,20,23,30,27,14,6,10.00,Moody ESPN,0
11,GB @ NYG ,26,23,27,20,2,4,3.00,Moody ESPN,1
11,SEA @ LAR,24,27,19,21,11,1,6.00,Moody ESPN,1
11,KC @ DEN,27,20,19,22,6,10,8.00,Moody ESPN,0
11,DET @ PHI,24,30,9,16,29,1,15.00,Moody ESPN,1
11,DAL @ LV,34,23,33,16,8,6,7.00,Moody ESPN,1
11,BAL @ CLE,38,20,23,16,19,11,15.00,Moody ESPN,1
11,SF @ ARI,23,16,41,22,24,12,18.00,Walder ESPN,1
11,CHI @ MIN,23,17,19,17,4,4,4.00,Walder ESPN,1
11,WSH @ MIA,27,21,13,16,19,9,14.00,Walder ESPN,0
11,CIN @ PIT,20,23,12,34,3,19,11.00,Walder ESPN,1
11,LAC @ JAX,25,22,6,35,6,32,19.00,Walder ESPN,0
11,TB @ BUF,17,27,32,44,32,2,17.00,Walder ESPN,1
11,HOU @ TEN,23,13,16,13,7,7,7.00,Walder ESPN,1
11,CAR @ ATL,16,19,30,27,22,6,14.00,Walder ESPN,0
11,GB @ NYG ,31,14,27,20,2,10,6.00,Walder ESPN,1
11,SEA @ LAR,20,26,19,21,6,4,5.00,Walder ESPN,1
11,KC @ DEN,30,10,19,22,1,23,12.00,Walder ESPN,0
11,DET @ PHI,24,10,9,16,9,21,15.00,Walder ESPN,0
11,DAL @ LV,28,14,33,16,7,3,5.00,Walder ESPN,1
11,BAL @ CLE,27,13,23,16,1,7,4.00,Walder ESPN,1
11,SF @ ARI,28,23,41,22,12,14,13.00,Filice NFL,1
11,CHI @ MIN,26,27,19,17,17,3,10.00,Filice NFL,0
11,WSH @ MIA,16,28,13,16,15,9,12.00,Filice NFL,1
11,CIN @ PIT,27,30,12,34,11,19,15.00,Filice NFL,1
11,LAC @ JAX,22,17,6,35,2,34,18.00,Filice NFL,0
11,TB @ BUF,25,28,32,44,23,9,16.00,Filice NFL,1
11,HOU @ TEN,21,13,16,13,5,5,5.00,Filice NFL,1
11,CAR @ ATL,14,20,30,27,23,9,16.00,Filice NFL,0
11,GB @ NYG ,29,17,27,20,1,5,3.00,Filice NFL,1
11,SEA @ LAR,24,23,19,21,7,3,5.00,Filice NFL,0
11,KC @ DEN,26,19,19,22,4,10,7.00,Filice NFL,0
11,DET @ PHI,29,27,9,16,31,9,20.00,Filice NFL,0
11,DAL @ LV,32,24,33,16,7,9,8.00,Filice NFL,1
11,BAL @ CLE,23,14,23,16,2,2,2.00,Filice NFL,1
12,PIT @ CHI,24,27,28,31,8,0,4.00,AI MODEL V1,1
12,NE @ CIN,23,21,26,20,2,4,3.00,AI MODEL V1,1
12,NYG @ DET,31,34,27,34,4,4,4.00,AI MODEL V1,1
12,MIN @ GB,10,20,6,23,1,7,4.00,AI MODEL V1,1
12,SEA @ TEN,27,10,30,24,17,11,14.00,AI MODEL V1,1
12,IND @ KC,35,28,20,23,20,10,15.00,AI MODEL V1,0
12,NYJ @ BAL,7,44,10,23,18,24,21.00,AI MODEL V1,1
12,CLE @ LV,24,31,24,10,21,21,21.00,AI MODEL V1,0
12,JAX @ ARI,24,27,27,24,0,6,3.00,AI MODEL V1,0
12,PHI @ DAL,20,33,21,24,8,10,9.00,AI MODEL V1,1
12,ATL @ NO,23,20,24,10,9,11,10.00,AI MODEL V1,1
12,TB @ LAR,29,41,7,34,29,15,22.00,AI MODEL V1,1
12,CAR @ SF,6,27,9,20,4,10,7.00,AI MODEL V1,1
12,PIT @ CHI,29,27,28,31,3,5,4.00,AI MODEL V2,0
12,NE @ CIN,35,17,26,20,6,12,9.00,AI MODEL V2,1
12,NYG @ DET,20,23,27,34,18,4,11.00,AI MODEL V2,1
12,MIN @ GB,21,42,6,23,34,4,19.00,AI MODEL V2,1
12,SEA @ TEN,27,24,30,24,3,3,3.00,AI MODEL V2,1
12,IND @ KC,17,13,20,23,13,7,10.00,AI MODEL V2,0
12,NYJ @ BAL,10,34,10,23,11,11,11.00,AI MODEL V2,1
12,CLE @ LV,10,20,24,10,4,24,14.00,AI MODEL V2,0
12,JAX @ ARI,31,19,27,24,1,9,5.00,AI MODEL V2,1
12,PHI @ DAL,21,29,21,24,5,5,5.00,AI MODEL V2,1
12,ATL @ NO,23,26,24,10,15,17,16.00,AI MODEL V2,0
12,TB @ LAR,20,23,7,34,2,24,13.00,AI MODEL V2,1
12,CAR @ SF,9,15,9,20,5,5,5.00,AI MODEL V2,1
12,PIT @ CHI,15,16,28,31,28,2,15.00,Maldonado ESPN,1
12,NE @ CIN,28,7,26,20,11,15,13.00,Maldonado ESPN,1
12,NYG @ DET,10,34,27,34,17,17,17.00,Maldonado ESPN,1
12,MIN @ GB,13,27,6,23,11,3,7.00,Maldonado ESPN,1
12,SEA @ TEN,28,7,30,24,19,15,17.00,Maldonado ESPN,1
12,IND @ KC,30,27,20,23,14,6,10.00,Maldonado ESPN,0
12,NYJ @ BAL,19,27,10,23,13,5,9.00,Maldonado ESPN,1
12,CLE @ LV,10,17,24,10,7,21,14.00,Maldonado ESPN,0
12,JAX @ ARI,17,10,27,24,24,4,14.00,Maldonado ESPN,1
12,PHI @ DAL,27,20,21,24,2,10,6.00,Maldonado ESPN,0
12,ATL @ NO,25,20,24,10,11,9,10.00,Maldonado ESPN,1
12,TB @ LAR,25,31,7,34,15,21,18.00,Maldonado ESPN,1
12,CAR @ SF,17,26,9,20,14,2,8.00,Maldonado ESPN,1
12,PIT @ CHI,17,24,28,31,18,4,11.00,Moody ESPN,1
12,NE @ CIN,31,20,26,20,5,5,5.00,Moody ESPN,1
12,NYG @ DET,17,34,27,34,10,10,10.00,Moody ESPN,1
12,MIN @ GB,10,27,6,23,8,0,4.00,Moody ESPN,1
12,SEA @ TEN,37,14,30,24,3,17,10.00,Moody ESPN,1
12,IND @ KC,24,27,20,23,8,0,4.00,Moody ESPN,1
12,NYJ @ BAL,17,34,10,23,18,4,11.00,Moody ESPN,1
12,CLE @ LV,16,13,24,10,5,11,8.00,Moody ESPN,1
12,JAX @ ARI,24,28,27,24,1,7,4.00,Moody ESPN,0
12,PHI @ DAL,24,21,21,24,0,6,3.00,Moody ESPN,0
12,ATL @ NO,20,24,24,10,10,18,14.00,Moody ESPN,0
12,TB @ LAR,20,33,7,34,12,14,13.00,Moody ESPN,1
12,CAR @ SF,27,38,9,20,36,0,18.00,Moody ESPN,1
12,PIT @ CHI,19,16,28,31,24,6,15.00,Walder ESPN,0
12,NE @ CIN,30,27,26,20,11,3,7.00,Walder ESPN,1
12,NYG @ DET,24,25,27,34,12,6,9.00,Walder ESPN,1
12,MIN @ GB,16,24,6,23,11,9,10.00,Walder ESPN,1
12,SEA @ TEN,30,13,30,24,11,11,11.00,Walder ESPN,1
12,IND @ KC,20,24,20,23,1,1,1.00,Walder ESPN,1
12,NYJ @ BAL,16,26,10,23,9,3,6.00,Walder ESPN,1
12,CLE @ LV,10,14,24,10,10,18,14.00,Walder ESPN,0
12,JAX @ ARI,23,16,27,24,12,4,8.00,Walder ESPN,1
12,PHI @ DAL,28,20,21,24,3,11,7.00,Walder ESPN,0
12,ATL @ NO,17,20,24,10,3,17,10.00,Walder ESPN,0
12,TB @ LAR,17,30,7,34,6,14,10.00,Walder ESPN,1
12,CAR @ SF,17,27,9,20,15,1,8.00,Walder ESPN,1
12,PIT @ CHI,24,19,28,31,16,8,12.00,Filice NFL,0
12,NE @ CIN,32,23,26,20,9,3,6.00,Filice NFL,1
12,NYG @ DET,17,40,27,34,4,16,10.00,Filice NFL,1
12,MIN @ GB,17,21,6,23,9,13,11.00,Filice NFL,1
12,SEA @ TEN,31,14,30,24,9,11,10.00,Filice NFL,1
12,IND @ KC,20,26,20,23,3,3,3.00,Filice NFL,1
12,NYJ @ BAL,16,30,10,23,13,1,7.00,Filice NFL,1
12,CLE @ LV,13,17,24,10,4,18,11.00,Filice NFL,0
12,JAX @ ARI,23,26,27,24,2,6,4.00,Filice NFL,0
12,PHI @ DAL,24,23,21,24,2,4,3.00,Filice NFL,0
12,ATL @ NO,16,19,24,10,1,17,9.00,Filice NFL,0
12,TB @ LAR,25,28,7,34,12,24,18.00,Filice NFL,1
12,CAR @ SF,22,28,9,20,21,5,13.00,Filice NFL,1
13,GB @ DET,17,30,31,24,8,20,14.00,AI MODEL V1,0
13,KC @ DAL,33,41,28,31,15,5,10.00,AI MODEL V1,1
13,CIN @ BAL,16,19,32,14,11,21,16.00,AI MODEL V1,0
13,CHI @ PHI,24,31,24,15,16,16,16.00,AI MODEL V1,0
13,NO @ MIA,18,23,17,21,3,1,2.00,AI MODEL V1,1
13,HOU @ IND,0,40,20,16,4,44,24.00,AI MODEL V1,0
13,ATL @ NYJ,12,56,24,27,17,41,29.00,AI MODEL V1,1
13,SF @ CLE,7,19,26,8,8,30,19.00,AI MODEL V1,0
13,LAR @ CAR,26,23,28,31,10,6,8.00,AI MODEL V1,0
13,JAX @ TEN,14,42,25,3,28,50,39.00,AI MODEL V1,0
13,ARI @ TB,17,22,17,20,2,2,2.00,AI MODEL V1,1
13,MIN @ SEA,7,38,0,26,19,5,12.00,AI MODEL V1,1
13,BUF @ PIT,31,38,26,7,36,26,31.00,AI MODEL V1,0
13,LV @ LAC,14,20,14,31,11,11,11.00,AI MODEL V1,1
13,DEN @ WSH,23,20,27,26,10,2,6.00,AI MODEL V1,1
13,NYG @ NE,21,27,15,33,0,12,6.00,AI MODEL V1,1
13,GB @ DET,24,6,31,24,25,11,18.00,AI MODEL V2,1
13,KC @ DAL,19,3,28,31,37,19,28.00,AI MODEL V2,0
13,CIN @ BAL,20,34,32,14,8,32,20.00,AI MODEL V2,0
13,CHI @ PHI,21,51,24,15,33,39,36.00,AI MODEL V2,0
13,NO @ MIA,18,24,17,21,4,2,3.00,AI MODEL V2,1
13,HOU @ IND,19,22,20,16,5,7,6.00,AI MODEL V2,0
13,ATL @ NYJ,20,27,24,27,4,4,4.00,AI MODEL V2,1
13,SF @ CLE,20,10,26,8,4,8,6.00,AI MODEL V2,1
13,LAR @ CAR,29,7,28,31,23,25,24.00,AI MODEL V2,0
13,JAX @ TEN,30,0,25,3,2,8,5.00,AI MODEL V2,1
13,ARI @ TB,27,30,17,20,20,0,10.00,AI MODEL V2,1
13,MIN @ SEA,21,24,0,26,19,23,21.00,AI MODEL V2,1
13,BUF @ PIT,24,17,26,7,8,12,10.00,AI MODEL V2,1
13,LV @ LAC,13,31,14,31,1,1,1.00,AI MODEL V2,1
13,DEN @ WSH,31,14,27,26,8,16,12.00,AI MODEL V2,1
13,NYG @ NE,17,24,15,33,7,11,9.00,AI MODEL V2,1
13,GB @ DET,24,21,31,24,10,4,7.00,AI MODEL V3,1
13,KC @ DAL,24,27,28,31,8,0,4.00,AI MODEL V3,1
13,CIN @ BAL,14,19,32,14,13,23,18.00,AI MODEL V3,0
13,CHI @ PHI,13,30,24,15,4,26,15.00,AI MODEL V3,0
13,NO @ MIA,17,24,17,21,3,3,3.00,AI MODEL V3,1
13,HOU @ IND,14,27,20,16,5,17,11.00,AI MODEL V3,0
13,ATL @ NYJ,45,27,24,27,21,21,21.00,AI MODEL V3,0
13,SF @ CLE,26,10,26,8,2,2,2.00,AI MODEL V3,1
13,LAR @ CAR,14,15,28,31,30,2,16.00,AI MODEL V3,1
13,JAX @ TEN,24,16,25,3,12,14,13.00,AI MODEL V3,1
13,ARI @ TB,12,7,17,20,18,8,13.00,AI MODEL V3,0
13,MIN @ SEA,20,9,0,26,3,37,20.00,AI MODEL V3,0
13,BUF @ PIT,35,15,26,7,17,1,9.00,AI MODEL V3,1
13,LV @ LAC,13,16,14,31,16,14,15.00,AI MODEL V3,1
13,DEN @ WSH,16,7,27,26,30,8,19.00,AI MODEL V3,1
13,NYG @ NE,26,27,15,33,5,17,11.00,AI MODEL V3,1
13,GB @ DET,24,34,31,24,3,17,10.00,Maldonado ESPN,0
13,KC @ DAL,20,13,28,31,26,10,18.00,Maldonado ESPN,0
13,CIN @ BAL,23,30,32,14,7,25,16.00,Maldonado ESPN,0
13,CHI @ PHI,10,35,24,15,6,34,20.00,Maldonado ESPN,0
13,NO @ MIA,13,31,17,21,6,14,10.00,Maldonado ESPN,1
13,HOU @ IND,10,22,20,16,4,16,10.00,Maldonado ESPN,0
13,ATL @ NYJ,16,13,24,27,22,6,14.00,Maldonado ESPN,0
13,SF @ CLE,21,17,26,8,4,14,9.00,Maldonado ESPN,1
13,LAR @ CAR,27,12,28,31,20,18,19.00,Maldonado ESPN,0
13,JAX @ TEN,28,27,25,3,27,21,24.00,Maldonado ESPN,1
13,ARI @ TB,17,23,17,20,3,3,3.00,Maldonado ESPN,1
13,MIN @ SEA,9,24,0,26,7,11,9.00,Maldonado ESPN,1
13,BUF @ PIT,20,24,26,7,11,23,17.00,Maldonado ESPN,0
13,LV @ LAC,10,23,14,31,12,4,8.00,Maldonado ESPN,1
13,DEN @ WSH,24,16,27,26,13,7,10.00,Maldonado ESPN,1
13,NYG @ NE,24,28,15,33,4,14,9.00,Maldonado ESPN,1
13,GB @ DET,27,30,31,24,2,10,6.00,Moody ESPN,0
13,KC @ DAL,27,23,28,31,9,7,8.00,Moody ESPN,0
13,CIN @ BAL,28,31,32,14,13,21,17.00,Moody ESPN,0
13,CHI @ PHI,21,27,24,15,9,15,12.00,Moody ESPN,0
13,NO @ MIA,14,33,17,21,9,15,12.00,Moody ESPN,1
13,HOU @ IND,19,24,20,16,7,9,8.00,Moody ESPN,0
13,ATL @ NYJ,21,17,24,27,13,7,10.00,Moody ESPN,0
13,SF @ CLE,31,16,26,8,13,3,8.00,Moody ESPN,1
13,LAR @ CAR,34,20,28,31,5,17,11.00,Moody ESPN,0
13,JAX @ TEN,25,13,25,3,10,10,10.00,Moody ESPN,1
13,ARI @ TB,27,17,17,20,7,13,10.00,Moody ESPN,0
13,MIN @ SEA,16,31,0,26,21,11,16.00,Moody ESPN,1
13,BUF @ PIT,27,26,26,7,20,18,19.00,Moody ESPN,1
13,LV @ LAC,13,24,14,31,8,6,7.00,Moody ESPN,1
13,DEN @ WSH,27,17,27,26,9,9,9.00,Moody ESPN,1
13,NYG @ NE,21,31,15,33,4,8,6.00,Moody ESPN,1
13,GB @ DET,23,17,31,24,15,1,8.00,Walder ESPN,1
13,KC @ DAL,36,28,28,31,5,11,8.00,Walder ESPN,0
13,CIN @ BAL,23,30,32,14,7,25,16.00,Walder ESPN,0
13,CHI @ PHI,20,24,24,15,5,13,9.00,Walder ESPN,0
13,NO @ MIA,20,17,17,21,1,7,4.00,Walder ESPN,0
13,HOU @ IND,17,23,20,16,4,10,7.00,Walder ESPN,0
13,ATL @ NYJ,19,16,24,27,16,6,11.00,Walder ESPN,0
13,SF @ CLE,23,7,26,8,4,2,3.00,Walder ESPN,1
13,LAR @ CAR,27,13,28,31,19,17,18.00,Walder ESPN,0
13,JAX @ TEN,24,14,25,3,10,12,11.00,Walder ESPN,1
13,ARI @ TB,16,27,17,20,6,8,7.00,Walder ESPN,1
13,MIN @ SEA,17,24,0,26,15,19,17.00,Walder ESPN,1
13,BUF @ PIT,30,10,26,7,7,1,4.00,Walder ESPN,1
13,LV @ LAC,12,26,14,31,7,3,5.00,Walder ESPN,1
13,DEN @ WSH,23,20,27,26,10,2,6.00,Walder ESPN,1
13,NYG @ NE,26,24,15,33,2,20,11.00,Walder ESPN,0
13,GB @ DET,21,26,31,24,8,12,10.00,Filice NFL,0
13,KC @ DAL,27,29,28,31,3,1,2.00,Filice NFL,1
13,CIN @ BAL,20,28,32,14,2,26,14.00,Filice NFL,0
13,CHI @ PHI,18,27,24,15,6,18,12.00,Filice NFL,0
13,NO @ MIA,14,24,17,21,0,6,3.00,Filice NFL,1
13,HOU @ IND,17,22,20,16,3,9,6.00,Filice NFL,0
13,ATL @ NYJ,14,13,24,27,24,4,14.00,Filice NFL,0
13,SF @ CLE,19,16,26,8,1,15,8.00,Filice NFL,1
13,LAR @ CAR,26,17,28,31,16,12,14.00,Filice NFL,0
13,JAX @ TEN,21,23,25,3,16,24,20.00,Filice NFL,0
13,ARI @ TB,21,25,17,20,9,1,5.00,Filice NFL,1
13,MIN @ SEA,9,27,0,26,10,8,9.00,Filice NFL,1
13,BUF @ PIT,26,24,26,7,17,17,17.00,Filice NFL,1
13,LV @ LAC,13,20,14,31,12,10,11.00,Filice NFL,1
13,DEN @ WSH,30,17,27,26,6,12,9.00,Filice NFL,1
13,NYG @ NE,23,27,15,33,2,14,8.00,Filice NFL,1
